n,variant_a,method,variant_b,umap,min_cluster_size,min_samples,nmi,ari,purity,noise_ratio,n_clusters,runtime_sec
150,A1,indobert,B1,True,12,6,0.3315,0.1243,0.36,0.0,2,14.34
1500,A1,indobert,B1,True,38,19,0.5988,0.3352,0.8563,0.4573,15,58.19
45,A1,indobert,B1,True,6,3,0.6925,0.4799,0.6316,0.1556,3,29.84
500,A1,indobert,B1,True,22,11,0.6183,0.4422,0.7919,0.164,9,35.21
150,A1,indobert,B2,False,12,6,0.0,0.0,0.0,1.0,0,14.09
1500,A1,indobert,B2,False,38,19,0.0537,0.003,0.232,0.0747,2,37.41
45,A1,indobert,B2,False,6,3,0.0,0.0,0.0,1.0,0,14.99
500,A1,indobert,B2,False,22,11,0.6757,0.3776,0.6239,0.564,4,34.18
150,A2,tfidf,B1,True,12,6,0.3183,0.1162,0.3571,0.0667,2,0.26
1500,A2,tfidf,B1,True,38,19,0.5704,0.2744,0.8301,0.2507,19,6.35
45,A2,tfidf,B1,True,6,3,0.2793,0.1255,0.4865,0.1778,4,0.19
500,A2,tfidf,B1,True,22,11,0.5169,0.4129,0.7386,0.342,8,1.33
150,A2,tfidf,B2,False,12,6,0.0,0.0,0.0,1.0,0,0.02
1500,A2,tfidf,B2,False,38,19,0.7114,0.4703,0.9156,0.4547,12,1.05
45,A2,tfidf,B2,False,6,3,0.0,0.0,0.0,1.0,0,0.01
500,A2,tfidf,B2,False,22,11,0.1194,0.0099,0.3066,0.302,2,0.18
150,A3,minilm,B1,True,12,6,0.4107,0.2091,0.5,0.2933,3,11.48
1500,A3,minilm,B1,True,38,19,0.541,0.2841,0.8107,0.2147,17,49.59
45,A3,minilm,B1,True,6,3,0.0,0.0,0.0,1.0,0,10.61
150,A3,minilm,B2,False,12,6,0.0,0.0,0.0,1.0,0,11.18
1500,A3,minilm,B2,False,38,19,0.0568,0.0051,0.2398,0.0853,2,31.02
45,A3,minilm,B2,False,6,3,0.0,0.0,0.0,1.0,0,10.52
