n,variant_a,method,variant_b,umap,nmi,ari,purity,noise_ratio,n_clusters,runtime_sec
150,A1,indobert,B1,True,0.6228,0.341,0.9155,0.0533,24,28.94
1500,A1,indobert,B1,True,0.4786,0.0481,1.0,0.0527,191,58.68
45,A1,indobert,B1,True,0.6511,0.4658,0.6842,0.1556,4,26.68
500,A1,indobert,B1,True,0.5511,0.125,0.9737,0.012,64,28.46
150,A1,indobert,B2,False,0.6415,0.2538,0.9561,0.24,24,15.21
1500,A1,indobert,B2,False,0.4645,0.036,1.0,0.1713,224,40.24
45,A1,indobert,B2,False,0.1342,0.0056,0.3158,0.1556,2,12.52
500,A1,indobert,B2,False,0.5293,0.0796,0.9977,0.144,91,26.7
150,A2,tfidf,B1,True,0.5563,0.1744,0.8824,0.0933,28,0.39
1500,A2,tfidf,B1,True,0.4868,0.0539,1.0,0.048,170,6.65
45,A2,tfidf,B1,True,0.2244,0.0546,0.4103,0.1333,4,0.13
500,A2,tfidf,B1,True,0.5769,0.1478,0.9959,0.016,59,1.3
150,A2,tfidf,B2,False,0.6166,0.2782,0.9386,0.24,23,0.11
1500,A2,tfidf,B2,False,0.47,0.04,1.0,0.1993,208,1.63
45,A2,tfidf,B2,False,0.4597,0.2295,0.5882,0.6222,3,0.03
500,A2,tfidf,B2,False,0.5572,0.1174,1.0,0.106,72,0.49
150,A3,minilm,B1,True,0.5889,0.2766,0.9,0.0667,24,12.58
1500,A3,minilm,B1,True,0.4841,0.0522,1.0,0.0427,175,50.0
45,A3,minilm,B1,True,0.3406,0.0464,0.5135,0.1778,8,14.15
500,A3,minilm,B1,True,0.5677,0.1377,0.9959,0.022,63,21.18
150,A3,minilm,B2,False,0.6317,0.2247,0.963,0.28,26,12.21
1500,A3,minilm,B2,False,0.4686,0.0392,1.0,0.1373,212,45.21
45,A3,minilm,B2,False,0.6079,0.2997,0.7619,0.5333,5,14.04
500,A3,minilm,B2,False,0.5412,0.1012,0.9978,0.102,83,20.28
