config,data_fingerprint,n_docs,embedding_fallback,A,B,C,D,n_clusters,runtime_sec,silhouette,davies_bouldin,ari,nmi,purity,homogeneity,completeness,v_measure,noise_ratio
A1_B1_C1_D1,46ff8dc4,45,FALSE,A1,B1,C1,D1,3,28.79,0.1412,1.8971,-0.0632,0.0966,0.525,0.0854,0.1113,0.0966,0.1111
A1_B1_C1_D2,46ff8dc4,45,FALSE,A1,B1,C1,D2,3,0.02,0.1412,1.8971,-0.0632,0.0966,0.525,0.0854,0.1113,0.0966,0.1111
A1_B1_C1_D3,46ff8dc4,45,FALSE,A1,B1,C1,D3,3,0.03,0.1412,1.8971,-0.0632,0.0966,0.525,0.0854,0.1113,0.0966,0.1111
A1_B1_C2_D1,46ff8dc4,45,FALSE,A1,B1,C2,D1,5,0.03,0.1252,1.8311,0.0028,0.2311,0.525,0.2525,0.2131,0.2311,0.1111
A1_B1_C2_D2,46ff8dc4,45,FALSE,A1,B1,C2,D2,5,0.03,0.1252,1.8311,0.0028,0.2311,0.525,0.2525,0.2131,0.2311,0.1111
A1_B1_C2_D3,46ff8dc4,45,FALSE,A1,B1,C2,D3,5,0.04,0.1252,1.8311,0.0028,0.2311,0.525,0.2525,0.2131,0.2311,0.1111
A1_B1_C3_D1,46ff8dc4,45,FALSE,A1,B1,C3,D1,2,0.02,0.1046,2.3532,-0.0408,0.0467,0.5429,0.0365,0.065,0.0467,0.2222
A1_B1_C3_D2,46ff8dc4,45,FALSE,A1,B1,C3,D2,2,0.02,0.1046,2.3532,-0.0408,0.0467,0.5429,0.0365,0.065,0.0467,0.2222
A1_B1_C3_D3,46ff8dc4,45,FALSE,A1,B1,C3,D3,2,0.02,0.1046,2.3532,-0.0408,0.0467,0.5429,0.0365,0.065,0.0467,0.2222
A1_B2_C1_D1,46ff8dc4,45,FALSE,A1,B2,C1,D1,2,0.03,0.2527,1.3915,-0.0653,0.0568,0.5294,0.0455,0.0757,0.0568,0.6222
A1_B2_C1_D2,46ff8dc4,45,FALSE,A1,B2,C1,D2,2,0.02,0.2527,1.3915,-0.0653,0.0568,0.5294,0.0455,0.0757,0.0568,0.6222
A1_B2_C1_D3,46ff8dc4,45,FALSE,A1,B2,C1,D3,2,0.02,0.2527,1.3915,-0.0653,0.0568,0.5294,0.0455,0.0757,0.0568,0.6222
A1_B2_C2_D1,46ff8dc4,45,FALSE,A1,B2,C2,D1,3,0.03,0.2781,1.2718,-0.0939,0.1267,0.5714,0.1217,0.1322,0.1267,0.5333
A1_B2_C2_D2,46ff8dc4,45,FALSE,A1,B2,C2,D2,3,0.02,0.2781,1.2718,-0.0939,0.1267,0.5714,0.1217,0.1322,0.1267,0.5333
A1_B2_C2_D3,46ff8dc4,45,FALSE,A1,B2,C2,D3,3,0.03,0.2781,1.2718,-0.0939,0.1267,0.5714,0.1217,0.1322,0.1267,0.5333
A1_B2_C3_D1,46ff8dc4,45,FALSE,A1,B2,C3,D1,0,0,-1,999,0,0,0,0,0,0,1
A1_B2_C3_D2,46ff8dc4,45,FALSE,A1,B2,C3,D2,0,0,-1,999,0,0,0,0,0,0,1
A1_B2_C3_D3,46ff8dc4,45,FALSE,A1,B2,C3,D3,0,0,-1,999,0,0,0,0,0,0,1
A1_B3_C1_D1,46ff8dc4,45,FALSE,A1,B3,C1,D1,3,0.09,0.2294,1.5498,-0.0679,0.1219,0.56,0.1161,0.1282,0.1219,0.4444
A1_B3_C1_D2,46ff8dc4,45,FALSE,A1,B3,C1,D2,3,0.02,0.2294,1.5498,-0.0679,0.1219,0.56,0.1161,0.1282,0.1219,0.4444
A1_B3_C1_D3,46ff8dc4,45,FALSE,A1,B3,C1,D3,3,0.02,0.2294,1.5498,-0.0679,0.1219,0.56,0.1161,0.1282,0.1219,0.4444
A1_B3_C2_D1,46ff8dc4,45,FALSE,A1,B3,C2,D1,5,0.03,0.1292,1.7432,-0.073,0.1246,0.5714,0.132,0.118,0.1246,0.0667
A1_B3_C2_D2,46ff8dc4,45,FALSE,A1,B3,C2,D2,5,0.04,0.1292,1.7432,-0.073,0.1246,0.5714,0.132,0.118,0.1246,0.0667
A1_B3_C2_D3,46ff8dc4,45,FALSE,A1,B3,C2,D3,5,0.02,0.1292,1.7432,-0.073,0.1246,0.5714,0.132,0.118,0.1246,0.0667
A1_B3_C3_D1,46ff8dc4,45,FALSE,A1,B3,C3,D1,2,0.03,0.1416,2.0678,-0.0512,0.0576,0.5385,0.045,0.08,0.0576,0.4222
A1_B3_C3_D2,46ff8dc4,45,FALSE,A1,B3,C3,D2,2,0.02,0.1416,2.0678,-0.0512,0.0576,0.5385,0.045,0.08,0.0576,0.4222
A1_B3_C3_D3,46ff8dc4,45,FALSE,A1,B3,C3,D3,2,0.02,0.1416,2.0678,-0.0512,0.0576,0.5385,0.045,0.08,0.0576,0.4222
A2_B1_C1_D1,46ff8dc4,45,FALSE,A2,B1,C1,D1,2,1.35,0.0567,3.431,0.1015,0.0798,0.5405,0.0631,0.1086,0.0798,0.1778
A2_B1_C1_D2,46ff8dc4,45,FALSE,A2,B1,C1,D2,2,0.03,0.0567,3.431,0.1015,0.0798,0.5405,0.0631,0.1086,0.0798,0.1778
A2_B1_C1_D3,46ff8dc4,45,,A2,B1,C1,D3,2,0.04,0.0567,3.431,0.1015,0.0798,0.5405,0.0631,0.1086,0.0798,0.1778
A2_B1_C2_D1,46ff8dc4,45,,A2,B1,C2,D1,6,0.05,0.1666,1.6817,0.0239,0.3874,0.7241,0.4789,0.3252,0.3874,0.3556
A2_B1_C2_D2,46ff8dc4,45,,A2,B1,C2,D2,6,0.06,0.1666,1.6817,0.0239,0.3874,0.7241,0.4789,0.3252,0.3874,0.3556
A2_B1_C2_D3,46ff8dc4,45,,A2,B1,C2,D3,6,0.05,0.1666,1.6817,0.0239,0.3874,0.7241,0.4789,0.3252,0.3874,0.3556
A2_B1_C3_D1,46ff8dc4,45,,A2,B1,C3,D1,2,0.03,0.0736,2.8571,0.0819,0.0815,0.5556,0.0644,0.1111,0.0815,0.4
A2_B1_C3_D2,46ff8dc4,45,,A2,B1,C3,D2,2,0.03,0.0736,2.8571,0.0819,0.0815,0.5556,0.0644,0.1111,0.0815,0.4
A2_B1_C3_D3,46ff8dc4,45,,A2,B1,C3,D3,2,0.04,0.0736,2.8571,0.0819,0.0815,0.5556,0.0644,0.1111,0.0815,0.4
A2_B2_C1_D1,46ff8dc4,45,,A2,B2,C1,D1,2,0.03,0.0585,2.5279,0.1076,0.2192,0.5833,0.1545,0.377,0.2192,0.4667
A2_B2_C1_D2,46ff8dc4,45,,A2,B2,C1,D2,2,0.03,0.0585,2.5279,0.1076,0.2192,0.5833,0.1545,0.377,0.2192,0.4667
A2_B2_C1_D3,46ff8dc4,45,,A2,B2,C1,D3,2,0.05,0.0585,2.5279,0.1076,0.2192,0.5833,0.1545,0.377,0.2192,0.4667
A2_B2_C2_D1,46ff8dc4,45,,A2,B2,C2,D1,3,0.05,0.1162,2.0052,0.0425,0.1542,0.6296,0.136,0.178,0.1542,0.4
A2_B2_C2_D2,46ff8dc4,45,,A2,B2,C2,D2,3,0.04,0.1162,2.0052,0.0425,0.1542,0.6296,0.136,0.178,0.1542,0.4
A2_B2_C2_D3,46ff8dc4,45,,A2,B2,C2,D3,3,0.04,0.1162,2.0052,0.0425,0.1542,0.6296,0.136,0.178,0.1542,0.4
A2_B2_C3_D1,46ff8dc4,45,,A2,B2,C3,D1,0,0,-1,999,0,0,0,0,0,0,1
A2_B2_C3_D2,46ff8dc4,45,,A2,B2,C3,D2,0,0,-1,999,0,0,0,0,0,0,1
A2_B2_C3_D3,46ff8dc4,45,,A2,B2,C3,D3,0,0,-1,999,0,0,0,0,0,0,1
A2_B3_C1_D1,46ff8dc4,45,,A2,B3,C1,D1,2,0.14,0.0545,3.2796,0.0497,0.056,0.5556,0.0423,0.0827,0.056,0.2
A2_B3_C1_D2,46ff8dc4,45,,A2,B3,C1,D2,2,0.03,0.0545,3.2796,0.0497,0.056,0.5556,0.0423,0.0827,0.056,0.2
A2_B3_C1_D3,46ff8dc4,45,,A2,B3,C1,D3,2,0.03,0.0545,3.2796,0.0497,0.056,0.5556,0.0423,0.0827,0.056,0.2
A2_B3_C2_D1,46ff8dc4,45,,A2,B3,C2,D1,6,0.05,0.1511,1.8533,-0.0315,0.2277,0.6364,0.2786,0.1926,0.2277,0.2667
A2_B3_C2_D2,46ff8dc4,45,,A2,B3,C2,D2,6,0.04,0.1511,1.8533,-0.0315,0.2277,0.6364,0.2786,0.1926,0.2277,0.2667
A2_B3_C2_D3,46ff8dc4,45,,A2,B3,C2,D3,6,0.06,0.1511,1.8533,-0.0315,0.2277,0.6364,0.2786,0.1926,0.2277,0.2667
A2_B3_C3_D1,46ff8dc4,45,,A2,B3,C3,D1,2,0.04,0.0637,2.9989,0.0185,0.0336,0.5714,0.0267,0.045,0.0336,0.3778
A2_B3_C3_D2,46ff8dc4,45,,A2,B3,C3,D2,2,0.04,0.0637,2.9989,0.0185,0.0336,0.5714,0.0267,0.045,0.0336,0.3778
A2_B3_C3_D3,46ff8dc4,45,,A2,B3,C3,D3,2,0.03,0.0637,2.9989,0.0185,0.0336,0.5714,0.0267,0.045,0.0336,0.3778
A3_B1_C1_D1,46ff8dc4,45,FALSE,A3,B1,C1,D1,2,25.21,0.095,2.3307,0.0347,0.0338,0.5641,0.0242,0.0557,0.0338,0.1333
A3_B1_C1_D2,46ff8dc4,45,FALSE,A3,B1,C1,D2,2,0.03,0.095,2.3307,0.0347,0.0338,0.5641,0.0242,0.0557,0.0338,0.1333
A3_B1_C1_D3,46ff8dc4,45,FALSE,A3,B1,C1,D3,2,0.02,0.095,2.3307,0.0347,0.0338,0.5641,0.0242,0.0557,0.0338,0.1333
A3_B1_C2_D1,46ff8dc4,45,FALSE,A3,B1,C2,D1,7,0.04,0.13,1.8629,-0.0307,0.2093,0.5476,0.2627,0.1739,0.2093,0.0667
A3_B1_C2_D2,46ff8dc4,45,FALSE,A3,B1,C2,D2,7,0.04,0.13,1.8629,-0.0307,0.2093,0.5476,0.2627,0.1739,0.2093,0.0667
A3_B1_C2_D3,46ff8dc4,45,FALSE,A3,B1,C2,D3,7,0.05,0.13,1.8629,-0.0307,0.2093,0.5476,0.2627,0.1739,0.2093,0.0667
A3_B1_C3_D1,46ff8dc4,45,FALSE,A3,B1,C3,D1,0,0,-1,999,0,0,0,0,0,0,1
A3_B1_C3_D2,46ff8dc4,45,FALSE,A3,B1,C3,D2,0,0,-1,999,0,0,0,0,0,0,1
A3_B1_C3_D3,46ff8dc4,45,FALSE,A3,B1,C3,D3,0,0,-1,999,0,0,0,0,0,0,1
A3_B2_C1_D1,46ff8dc4,45,FALSE,A3,B2,C1,D1,2,0.03,0.1553,1.8745,-0.0176,0.21,0.5882,0.1638,0.2924,0.21,0.6222
A3_B2_C1_D2,46ff8dc4,45,FALSE,A3,B2,C1,D2,2,0.02,0.1553,1.8745,-0.0176,0.21,0.5882,0.1638,0.2924,0.21,0.6222
A3_B2_C1_D3,46ff8dc4,45,FALSE,A3,B2,C1,D3,2,0.02,0.1553,1.8745,-0.0176,0.21,0.5882,0.1638,0.2924,0.21,0.6222
A3_B2_C2_D1,46ff8dc4,45,FALSE,A3,B2,C2,D1,5,0.03,0.191,1.4896,0.0096,0.3555,0.5833,0.3947,0.3234,0.3555,0.4667
A3_B2_C2_D2,46ff8dc4,45,FALSE,A3,B2,C2,D2,5,0.03,0.191,1.4896,0.0096,0.3555,0.5833,0.3947,0.3234,0.3555,0.4667
A3_B2_C2_D3,46ff8dc4,45,FALSE,A3,B2,C2,D3,5,0.03,0.191,1.4896,0.0096,0.3555,0.5833,0.3947,0.3234,0.3555,0.4667
A3_B2_C3_D1,46ff8dc4,45,FALSE,A3,B2,C3,D1,0,0.01,-1,999,0,0,0,0,0,0,1
A3_B2_C3_D2,46ff8dc4,45,FALSE,A3,B2,C3,D2,0,0,-1,999,0,0,0,0,0,0,1
A3_B2_C3_D3,46ff8dc4,45,FALSE,A3,B2,C3,D3,0,0,-1,999,0,0,0,0,0,0,1
A3_B3_C1_D1,46ff8dc4,45,FALSE,A3,B3,C1,D1,3,0.12,0.0984,2.1581,-0.0195,0.0733,0.5588,0.0633,0.087,0.0733,0.2444
A3_B3_C1_D2,46ff8dc4,45,FALSE,A3,B3,C1,D2,3,0.03,0.0984,2.1581,-0.0195,0.0733,0.5588,0.0633,0.087,0.0733,0.2444
A3_B3_C1_D3,46ff8dc4,45,FALSE,A3,B3,C1,D3,3,0.03,0.0984,2.1581,-0.0195,0.0733,0.5588,0.0633,0.087,0.0733,0.2444
A3_B3_C2_D1,46ff8dc4,45,FALSE,A3,B3,C2,D1,7,0.04,0.1334,1.8081,-0.0302,0.2118,0.55,0.2668,0.1757,0.2118,0.1111
A3_B3_C2_D2,46ff8dc4,45,FALSE,A3,B3,C2,D2,7,0.04,0.1334,1.8081,-0.0302,0.2118,0.55,0.2668,0.1757,0.2118,0.1111
A3_B3_C2_D3,46ff8dc4,45,FALSE,A3,B3,C2,D3,7,0.04,0.1334,1.8081,-0.0302,0.2118,0.55,0.2668,0.1757,0.2118,0.1111
A3_B3_C3_D1,46ff8dc4,45,FALSE,A3,B3,C3,D1,0,0.01,-1,999,0,0,0,0,0,0,1
A3_B3_C3_D2,46ff8dc4,45,FALSE,A3,B3,C3,D2,0,0,-1,999,0,0,0,0,0,0,1
A3_B3_C3_D3,46ff8dc4,45,FALSE,A3,B3,C3,D3,0,0,-1,999,0,0,0,0,0,0,1
